{"cameraMode":{"drawMode":0,"name":"Shaded","section":"Shading Mode"},"sceneLighting":true,"audioPlay":false,"sceneViewState":{"showFog":true,"showMaterialUpdate":false,"showSkybox":true,"showFlares":true,"showImageEffects":true,"showParticleSystems":true},"in2DMode":false,"pivot":{"x":-41.84730529785156,"y":-30.182573318481447,"z":-8.362470626831055},"rotation":{"x":-0.17985688149929048,"y":0.7619425654411316,"z":-0.23845922946929933,"w":-0.5746727585792542},"size":88.44535827636719,"orthographic":false}