{"cameraMode":{"drawMode":0,"name":"Shaded","section":"Shading Mode"},"sceneLighting":true,"audioPlay":false,"sceneViewState":{"showFog":true,"showMaterialUpdate":false,"showSkybox":true,"showFlares":true,"showImageEffects":true,"showParticleSystems":true},"in2DMode":false,"pivot":{"x":2.108991861343384,"y":-26.0111026763916,"z":-60.16828536987305},"rotation":{"x":-0.005308859050273895,"y":0.974320650100708,"z":-0.22391930222511292,"w":-0.02309960499405861},"size":78.77578735351563,"orthographic":false}